﻿{
  "ProviderId": "Microsoft.VisualStudio.ConnectedService.Wcf",
  "Version": "15.0.40203.910",
  "GettingStartedDocument": {
    "Uri": "https://go.microsoft.com/fwlink/?linkid=858517"
  },
  "ExtendedData": {
    "inputs": [
      "https://tckimlik.nvi.gov.tr/Service/KPSPublic.asmx?WSDL"
    ],
    "collectionTypes": [
      "System.Array",
      "System.Collections.Generic.Dictionary`2"
    ],
    "namespaceMappings": [
      "*, wsKPSPublic"
    ],
    "references": [
      "Autofac, {Autofac, 4.9.4}",
      "Autofac.Extensions.DependencyInjection, {Autofac.Extensions.DependencyInjection, 5.0.1}",
      "Autofac.Extras.DynamicProxy, {Autofac.Extras.DynamicProxy, 4.5.0}",
      "AutoMapper, {AutoMapper, 9.0.0}",
      "Castle.Core, {Castle.Core, 4.3.1}",
      "E:\\src\\NewGenSource\\NorthwindBackend\\Sennedjem\\$safeprojectname$\\bin\\Debug\\netstandard2.1\\Core.dll",
      "E:\\src\\NewGenSource\\NorthwindBackend\\Sennedjem\\$safeprojectname$\\bin\\Debug\\netstandard2.1\\DataAccess.dll",
      "E:\\src\\NewGenSource\\NorthwindBackend\\Sennedjem\\$safeprojectname$\\bin\\Debug\\netstandard2.1\\Entities.dll",
      "FluentValidation, {FluentValidation, 8.6.1}",
      "log4net, {log4net, 2.0.8}",
      "MediatR, {MediatR, 8.0.0}",
      "MediatR.Extensions.Microsoft.DependencyInjection, {MediatR.Extensions.Microsoft.DependencyInjection, 8.0.0}",
      "Microsoft.AspNetCore.Antiforgery, {Microsoft.AspNetCore.Antiforgery, 2.1.0}",
      "Microsoft.AspNetCore.Authentication.Abstractions, {Microsoft.AspNetCore.Authentication.Abstractions, 2.1.0}",
      "Microsoft.AspNetCore.Authentication.Core, {Microsoft.AspNetCore.Authentication.Core, 2.1.0}",
      "Microsoft.AspNetCore.Authorization, {Microsoft.AspNetCore.Authorization, 2.1.0}",
      "Microsoft.AspNetCore.Authorization.Policy, {Microsoft.AspNetCore.Authorization.Policy, 2.1.0}",
      "Microsoft.AspNetCore.Cors, {Microsoft.AspNetCore.Cors, 2.1.0}",
      "Microsoft.AspNetCore.Cryptography.Internal, {Microsoft.AspNetCore.Cryptography.Internal, 2.1.0}",
      "Microsoft.AspNetCore.DataProtection, {Microsoft.AspNetCore.DataProtection, 2.1.0}",
      "Microsoft.AspNetCore.DataProtection.Abstractions, {Microsoft.AspNetCore.DataProtection.Abstractions, 2.1.0}",
      "Microsoft.AspNetCore.Diagnostics.Abstractions, {Microsoft.AspNetCore.Diagnostics.Abstractions, 2.1.0}",
      "Microsoft.AspNetCore.Hosting.Abstractions, {Microsoft.AspNetCore.Hosting.Abstractions, 2.1.1}",
      "Microsoft.AspNetCore.Hosting.Server.Abstractions, {Microsoft.AspNetCore.Hosting.Server.Abstractions, 2.1.1}",
      "Microsoft.AspNetCore.Html.Abstractions, {Microsoft.AspNetCore.Html.Abstractions, 2.1.0}",
      "Microsoft.AspNetCore.Http, {Microsoft.AspNetCore.Http, 2.1.1}",
      "Microsoft.AspNetCore.Http.Abstractions, {Microsoft.AspNetCore.Http.Abstractions, 2.1.1}",
      "Microsoft.AspNetCore.Http.Extensions, {Microsoft.AspNetCore.Http.Extensions, 2.1.0}",
      "Microsoft.AspNetCore.Http.Features, {Microsoft.AspNetCore.Http.Features, 2.1.1}",
      "Microsoft.AspNetCore.JsonPatch, {Microsoft.AspNetCore.JsonPatch, 2.1.0}",
      "Microsoft.AspNetCore.Localization, {Microsoft.AspNetCore.Localization, 2.1.0}",
      "Microsoft.AspNetCore.Mvc, {Microsoft.AspNetCore.Mvc, 2.1.0}",
      "Microsoft.AspNetCore.Mvc.Abstractions, {Microsoft.AspNetCore.Mvc.Abstractions, 2.1.0}",
      "Microsoft.AspNetCore.Mvc.ApiExplorer, {Microsoft.AspNetCore.Mvc.ApiExplorer, 2.1.0}",
      "Microsoft.AspNetCore.Mvc.Core, {Microsoft.AspNetCore.Mvc.Core, 2.1.0}",
      "Microsoft.AspNetCore.Mvc.Cors, {Microsoft.AspNetCore.Mvc.Cors, 2.1.0}",
      "Microsoft.AspNetCore.Mvc.DataAnnotations, {Microsoft.AspNetCore.Mvc.DataAnnotations, 2.1.0}",
      "Microsoft.AspNetCore.Mvc.Formatters.Json, {Microsoft.AspNetCore.Mvc.Formatters.Json, 2.1.0}",
      "Microsoft.AspNetCore.Mvc.Localization, {Microsoft.AspNetCore.Mvc.Localization, 2.1.0}",
      "Microsoft.AspNetCore.Mvc.Razor, {Microsoft.AspNetCore.Mvc.Razor, 2.1.0}",
      "Microsoft.AspNetCore.Mvc.Razor.Extensions, {Microsoft.AspNetCore.Mvc.Razor.Extensions, 2.1.0}",
      "Microsoft.AspNetCore.Mvc.RazorPages, {Microsoft.AspNetCore.Mvc.RazorPages, 2.1.0}",
      "Microsoft.AspNetCore.Mvc.TagHelpers, {Microsoft.AspNetCore.Mvc.TagHelpers, 2.1.0}",
      "Microsoft.AspNetCore.Mvc.ViewFeatures, {Microsoft.AspNetCore.Mvc.ViewFeatures, 2.1.0}",
      "Microsoft.AspNetCore.Razor, {Microsoft.AspNetCore.Razor, 2.1.0}",
      "Microsoft.AspNetCore.Razor.Language, {Microsoft.AspNetCore.Razor.Language, 2.1.0}",
      "Microsoft.AspNetCore.Razor.Runtime, {Microsoft.AspNetCore.Razor.Runtime, 2.1.0}",
      "Microsoft.AspNetCore.ResponseCaching.Abstractions, {Microsoft.AspNetCore.ResponseCaching.Abstractions, 2.1.0}",
      "Microsoft.AspNetCore.Routing, {Microsoft.AspNetCore.Routing, 2.1.0}",
      "Microsoft.AspNetCore.Routing.Abstractions, {Microsoft.AspNetCore.Routing.Abstractions, 2.1.1}",
      "Microsoft.AspNetCore.StaticFiles, {Microsoft.AspNetCore.StaticFiles, 2.1.0}",
      "Microsoft.AspNetCore.WebUtilities, {Microsoft.AspNetCore.WebUtilities, 2.1.1}",
      "Microsoft.Bcl.AsyncInterfaces, {Microsoft.Bcl.AsyncInterfaces, 1.1.0}",
      "Microsoft.Bcl.HashCode, {Microsoft.Bcl.HashCode, 1.1.0}",
      "Microsoft.CodeAnalysis, {Microsoft.CodeAnalysis.Common, 2.8.0}",
      "Microsoft.CodeAnalysis.CSharp, {Microsoft.CodeAnalysis.CSharp, 2.8.0}",
      "Microsoft.CodeAnalysis.Razor, {Microsoft.CodeAnalysis.Razor, 2.1.0}",
      "Microsoft.CSharp, {Microsoft.CSharp, 4.5.0}",
      "Microsoft.Data.SqlClient, {Microsoft.Data.SqlClient, 1.0.19269.1}",
      "Microsoft.DotNet.PlatformAbstractions, {Microsoft.DotNet.PlatformAbstractions, 2.1.0}",
      "Microsoft.EntityFrameworkCore, {Microsoft.EntityFrameworkCore, 3.1.1}",
      "Microsoft.EntityFrameworkCore.Abstractions, {Microsoft.EntityFrameworkCore.Abstractions, 3.1.1}",
      "Microsoft.EntityFrameworkCore.Relational, {Microsoft.EntityFrameworkCore.Relational, 3.1.1}",
      "Microsoft.EntityFrameworkCore.Relational.Design, {Microsoft.EntityFrameworkCore.Relational.Design, 1.1.6}",
      "Microsoft.EntityFrameworkCore.SqlServer, {Microsoft.EntityFrameworkCore.SqlServer, 3.1.1}",
      "Microsoft.EntityFrameworkCore.SqlServer.Design, {Microsoft.EntityFrameworkCore.SqlServer.Design, 1.1.6}",
      "Microsoft.Extensions.Caching.Abstractions, {Microsoft.Extensions.Caching.Abstractions, 3.1.1}",
      "Microsoft.Extensions.Caching.Memory, {Microsoft.Extensions.Caching.Memory, 3.1.1}",
      "Microsoft.Extensions.Configuration, {Microsoft.Extensions.Configuration, 3.1.1}",
      "Microsoft.Extensions.Configuration.Abstractions, {Microsoft.Extensions.Configuration.Abstractions, 3.1.1}",
      "Microsoft.Extensions.Configuration.Binder, {Microsoft.Extensions.Configuration.Binder, 3.1.1}",
      "Microsoft.Extensions.DependencyInjection, {Microsoft.Extensions.DependencyInjection, 3.1.1}",
      "Microsoft.Extensions.DependencyInjection.Abstractions, {Microsoft.Extensions.DependencyInjection.Abstractions, 3.1.1}",
      "Microsoft.Extensions.DependencyModel, {Microsoft.Extensions.DependencyModel, 2.1.0}",
      "Microsoft.Extensions.FileProviders.Abstractions, {Microsoft.Extensions.FileProviders.Abstractions, 2.1.1}",
      "Microsoft.Extensions.FileProviders.Composite, {Microsoft.Extensions.FileProviders.Composite, 2.1.0}",
      "Microsoft.Extensions.FileProviders.Embedded, {Microsoft.Extensions.FileProviders.Embedded, 2.1.0}",
      "Microsoft.Extensions.FileSystemGlobbing, {Microsoft.Extensions.FileSystemGlobbing, 2.1.0}",
      "Microsoft.Extensions.Hosting.Abstractions, {Microsoft.Extensions.Hosting.Abstractions, 2.1.1}",
      "Microsoft.Extensions.Localization, {Microsoft.Extensions.Localization, 2.1.0}",
      "Microsoft.Extensions.Localization.Abstractions, {Microsoft.Extensions.Localization.Abstractions, 2.1.0}",
      "Microsoft.Extensions.Logging, {Microsoft.Extensions.Logging, 3.1.1}",
      "Microsoft.Extensions.Logging.Abstractions, {Microsoft.Extensions.Logging.Abstractions, 3.1.1}",
      "Microsoft.Extensions.ObjectPool, {Microsoft.Extensions.ObjectPool, 2.1.1}",
      "Microsoft.Extensions.Options, {Microsoft.Extensions.Options, 3.1.1}",
      "Microsoft.Extensions.Primitives, {Microsoft.Extensions.Primitives, 3.1.1}",
      "Microsoft.Extensions.WebEncoders, {Microsoft.Extensions.WebEncoders, 2.1.0}",
      "Microsoft.IdentityModel.JsonWebTokens, {Microsoft.IdentityModel.JsonWebTokens, 5.6.0}",
      "Microsoft.IdentityModel.Logging, {Microsoft.IdentityModel.Logging, 5.6.0}",
      "Microsoft.IdentityModel.Tokens, {Microsoft.IdentityModel.Tokens, 5.6.0}",
      "Microsoft.Net.Http.Headers, {Microsoft.Net.Http.Headers, 2.1.1}",
      "Microsoft.OpenApi, {Microsoft.OpenApi, 1.1.4}",
      "Microsoft.Win32.Primitives, {Microsoft.Win32.Primitives, 4.3.0}",
      "Microsoft.Win32.Registry, {Microsoft.Win32.Registry, 4.5.0}",
      "Newtonsoft.Json, {Newtonsoft.Json, 11.0.2}",
      "Newtonsoft.Json.Bson, {Newtonsoft.Json.Bson, 1.0.1}",
      "NLog, {NLog, 4.6.8}",
      "NLog.Extensions.Logging, {NLog.Extensions.Logging, 1.6.0}",
      "NLog.Web.AspNetCore, {NLog.Web.AspNetCore, 4.9.0}",
      "Npgsql, {Npgsql, 4.1.2}",
      "Npgsql.EntityFrameworkCore.PostgreSQL, {Npgsql.EntityFrameworkCore.PostgreSQL, 3.1.0}",
      "Npgsql.EntityFrameworkCore.PostgreSQL.Design, {Npgsql.EntityFrameworkCore.PostgreSQL.Design, 1.1.0}",
      "RabbitMQ.Client, {RabbitMQ.Client, 5.1.2}",
      "ServiceStack.Common, {ServiceStack.Common.Core, 5.8.0}",
      "ServiceStack.Interfaces, {ServiceStack.Interfaces.Core, 5.8.0}",
      "ServiceStack.Redis, {ServiceStack.Redis.Core, 5.8.0}",
      "ServiceStack.Text, {ServiceStack.Text.Core, 5.8.0}",
      "Swashbuckle.AspNetCore.Swagger, {Swashbuckle.AspNetCore.Swagger, 5.0.0}",
      "Swashbuckle.AspNetCore.SwaggerGen, {Swashbuckle.AspNetCore.SwaggerGen, 5.0.0}",
      "Swashbuckle.AspNetCore.SwaggerUI, {Swashbuckle.AspNetCore.SwaggerUI, 5.0.0}",
      "System.AppContext, {System.AppContext, 4.3.0}",
      "System.Buffers, {System.Buffers, 4.5.0}",
      "System.Collections, {System.Collections, 4.3.0}",
      "System.Collections.Concurrent, {System.Collections.Concurrent, 4.3.0}",
      "System.Collections.Immutable, {System.Collections.Immutable, 1.7.0}",
      "System.Collections.NonGeneric, {System.Collections.NonGeneric, 4.3.0}",
      "System.Collections.Specialized, {System.Collections.Specialized, 4.3.0}",
      "System.ComponentModel, {System.ComponentModel, 4.3.0}",
      "System.ComponentModel.Annotations, {System.ComponentModel.Annotations, 4.7.0}",
      "System.ComponentModel.Primitives, {System.ComponentModel.Primitives, 4.3.0}",
      "System.ComponentModel.TypeConverter, {System.ComponentModel.TypeConverter, 4.3.0}",
      "System.Console, {System.Console, 4.3.0}",
      "System.Data.Common, {System.Data.Common, 4.3.0}",
      "System.Diagnostics.Debug, {System.Diagnostics.Debug, 4.3.0}",
      "System.Diagnostics.DiagnosticSource, {System.Diagnostics.DiagnosticSource, 4.7.0}",
      "System.Diagnostics.Process, {System.Diagnostics.Process, 4.1.0}",
      "System.Diagnostics.StackTrace, {System.Diagnostics.StackTrace, 4.3.0}",
      "System.Diagnostics.Tools, {System.Diagnostics.Tools, 4.3.0}",
      "System.Diagnostics.TraceSource, {System.Diagnostics.TraceSource, 4.3.0}",
      "System.Diagnostics.Tracing, {System.Diagnostics.Tracing, 4.3.0}",
      "System.Dynamic.Runtime, {System.Dynamic.Runtime, 4.3.0}",
      "System.Globalization, {System.Globalization, 4.3.0}",
      "System.Globalization.Calendars, {System.Globalization.Calendars, 4.3.0}",
      "System.IdentityModel.Tokens.Jwt, {System.IdentityModel.Tokens.Jwt, 5.6.0}",
      "System.IO, {System.IO, 4.3.0}",
      "System.IO.Compression, {System.IO.Compression, 4.3.0}",
      "System.IO.Compression.ZipFile, {System.IO.Compression.ZipFile, 4.3.0}",
      "System.IO.FileSystem, {System.IO.FileSystem, 4.3.0}",
      "System.IO.FileSystem.Primitives, {System.IO.FileSystem.Primitives, 4.3.0}",
      "System.IO.FileSystem.Watcher, {System.IO.FileSystem.Watcher, 4.0.0}",
      "System.Linq, {System.Linq, 4.3.0}",
      "System.Linq.Expressions, {System.Linq.Expressions, 4.3.0}",
      "System.Memory, {System.Memory, 4.5.3}",
      "System.Net.Http, {System.Net.Http, 4.3.0}",
      "System.Net.NameResolution, {System.Net.NameResolution, 4.3.0}",
      "System.Net.NetworkInformation, {System.Net.NetworkInformation, 4.3.0}",
      "System.Net.Primitives, {System.Net.Primitives, 4.3.0}",
      "System.Net.Requests, {System.Net.Requests, 4.3.0}",
      "System.Net.Security, {System.Net.Security, 4.3.2}",
      "System.Net.Sockets, {System.Net.Sockets, 4.3.0}",
      "System.Net.WebHeaderCollection, {System.Net.WebHeaderCollection, 4.3.0}",
      "System.Numerics.Vectors, {System.Numerics.Vectors, 4.5.0}",
      "System.ObjectModel, {System.ObjectModel, 4.3.0}",
      "System.Reflection, {System.Reflection, 4.3.0}",
      "System.Reflection.Emit, {System.Reflection.Emit, 4.3.0}",
      "System.Reflection.Emit.ILGeneration, {System.Reflection.Emit.ILGeneration, 4.3.0}",
      "System.Reflection.Extensions, {System.Reflection.Extensions, 4.3.0}",
      "System.Reflection.Metadata, {System.Reflection.Metadata, 1.4.2}",
      "System.Reflection.Primitives, {System.Reflection.Primitives, 4.3.0}",
      "System.Reflection.TypeExtensions, {System.Reflection.TypeExtensions, 4.5.0}",
      "System.Resources.ResourceManager, {System.Resources.ResourceManager, 4.3.0}",
      "System.Runtime, {System.Runtime, 4.3.1}",
      "System.Runtime.CompilerServices.Unsafe, {System.Runtime.CompilerServices.Unsafe, 4.7.0}",
      "System.Runtime.Extensions, {System.Runtime.Extensions, 4.3.0}",
      "System.Runtime.Handles, {System.Runtime.Handles, 4.3.0}",
      "System.Runtime.InteropServices, {System.Runtime.InteropServices, 4.3.0}",
      "System.Runtime.InteropServices.RuntimeInformation, {System.Runtime.InteropServices.RuntimeInformation, 4.3.0}",
      "System.Runtime.Numerics, {System.Runtime.Numerics, 4.3.0}",
      "System.Runtime.Serialization.Formatters, {System.Runtime.Serialization.Formatters, 4.3.0}",
      "System.Runtime.Serialization.Primitives, {System.Runtime.Serialization.Primitives, 4.3.0}",
      "System.Security.AccessControl, {System.Security.AccessControl, 4.5.0}",
      "System.Security.Cryptography.Algorithms, {System.Security.Cryptography.Algorithms, 4.3.0}",
      "System.Security.Cryptography.Cng, {System.Security.Cryptography.Cng, 4.5.0}",
      "System.Security.Cryptography.Encoding, {System.Security.Cryptography.Encoding, 4.3.0}",
      "System.Security.Cryptography.Primitives, {System.Security.Cryptography.Primitives, 4.3.0}",
      "System.Security.Cryptography.X509Certificates, {System.Security.Cryptography.X509Certificates, 4.3.0}",
      "System.Security.Cryptography.Xml, {System.Security.Cryptography.Xml, 4.5.0}",
      "System.Security.Permissions, {System.Security.Permissions, 4.5.0}",
      "System.Security.Principal, {System.Security.Principal, 4.3.0}",
      "System.Security.Principal.Windows, {System.Security.Principal.Windows, 4.5.0}",
      "System.Text.Encoding, {System.Text.Encoding, 4.3.0}",
      "System.Text.Encoding.Extensions, {System.Text.Encoding.Extensions, 4.3.0}",
      "System.Text.Encodings.Web, {System.Text.Encodings.Web, 4.6.0}",
      "System.Text.Json, {System.Text.Json, 4.6.0}",
      "System.Text.RegularExpressions, {System.Text.RegularExpressions, 4.3.0}",
      "System.Threading, {System.Threading, 4.3.0}",
      "System.Threading.Tasks, {System.Threading.Tasks, 4.3.0}",
      "System.Threading.Tasks.Extensions, {System.Threading.Tasks.Extensions, 4.5.2}",
      "System.Threading.Tasks.Parallel, {System.Threading.Tasks.Parallel, 4.3.0}",
      "System.Threading.Thread, {System.Threading.Thread, 4.3.0}",
      "System.Threading.Timer, {System.Threading.Timer, 4.3.0}",
      "System.ValueTuple, {System.ValueTuple, 4.3.0}",
      "System.Xml.ReaderWriter, {System.Xml.ReaderWriter, 4.3.0}",
      "System.Xml.XDocument, {System.Xml.XDocument, 4.3.0}",
      "System.Xml.XmlDocument, {System.Xml.XmlDocument, 4.3.0}"
    ],
    "sync": true,
    "targetFramework": "netstandard2.1",
    "typeReuseMode": "All"
  }
}